use Flex_Trainer

INSERT INTO USERS (USERNAME, PASSWORD1, EMAIL, PHONENO)
VALUES 
    ('JOHNDOE1', 'PASSWORD1', 'JOHN.DOE1@EXAMPLE.COM', '1234567890'),
    ('JANEDOE2', 'PASSWORD2', 'JANE.DOE2@EXAMPLE.COM', '0987654321'),
    ('FARIS3', 'PASSWORD3', 'FARIS3@EXAMPLE.COM', '5551234567'),
    ('NASEEM4', 'PASSWORD4', 'NASEEM4@EXAMPLE.COM', '5559876543'),
    ('WAHEED5', 'PASSWORD5', 'WAHEED5@EXAMPLE.COM', '5551112222'),
    ('BADSHAH6', 'PASSWORD6', 'BADSHAH6@EXAMPLE.COM', '5553334444'),
    ('SAEED7', 'PASSWORD7', 'SAEED7@EXAMPLE.COM', '5555551234'),
    ('ALI8', 'PASSWORD8', 'ALI8@EXAMPLE.COM', '5556667890'),
    ('MICHAELJORDAN9', 'PASSWORD9', 'MICHAEL.JORDAN9@EXAMPLE.COM', '5557778888'),
    ('SERENAWILLIAMS10', 'PASSWORD10', 'SERENA.WILLIAMS10@EXAMPLE.COM', '5559990000'),
    ('DAVIDBECKHAM11', 'PASSWORD11', 'DAVID.BECKHAM11@EXAMPLE.COM', '5552223333'),
    ('MARIASHARAPOVA12', 'PASSWORD12', 'MARIA.SHARAPOVA12@EXAMPLE.COM', '5554445555'),
    ('CRISTIANORONALDO13', 'PASSWORD13', 'CRISTIANO.RONALDO13@EXAMPLE.COM', '5556667777'),
    ('NEYMARJR14', 'PASSWORD14', 'NEYMAR.JR14@EXAMPLE.COM', '5558889999'),
    ('ROGERFEDERER15', 'PASSWORD15', 'ROGER.FEDERER15@EXAMPLE.COM', '5550001111'),
    ('USAINBOLT16', 'PASSWORD16', 'USAIN.BOLT16@EXAMPLE.COM', '5552223333'),
    ('SIMONEBILES17', 'PASSWORD17', 'SIMONE.BILES17@EXAMPLE.COM', '5554445555'),
    ('LEBRONJAMES18', 'PASSWORD18', 'LEBRON.JAMES18@EXAMPLE.COM', '5556667777'),
    ('ALEXMORGAN19', 'PASSWORD19', 'ALEX.MORGAN19@EXAMPLE.COM', '5558889999'),
    ('KYLIANMBAPPE20', 'PASSWORD20', 'KYLIAN.MBAPPE20@EXAMPLE.COM', '5550001111'),
    ('NAOMIOSAKA21', 'PASSWORD21', 'NAOMI.OSAKA21@EXAMPLE.COM', '5552223333'),
    ('VIRATKOHLI22', 'PASSWORD22', 'VIRAT.KOHLI22@EXAMPLE.COM', '5554445555'),
    ('SERGIORAMOS23', 'PASSWORD23', 'SERGIO.RAMOS23@EXAMPLE.COM', '5556667777'),
    ('KEVINDEBRUYNE24', 'PASSWORD24', 'KEVIN.DEBRUYNE24@EXAMPLE.COM', '5558889999'),
    ('EDENHAZARD25', 'PASSWORD25', 'EDEN.HAZARD25@EXAMPLE.COM', '5550001111'),
    ('PELE26', 'PASSWORD26', 'PELE26@EXAMPLE.COM', '5552223333'),
    ('MESSI27', 'PASSWORD27', 'MESSI27@EXAMPLE.COM', '5554445555'),
    ('RONALDO28', 'PASSWORD28', 'RONALDO28@EXAMPLE.COM', '5556667777'),
    ('KARENSMITH29', 'PASSWORD29', 'KAREN.SMITH29@EXAMPLE.COM', '2221113333'),
    ('KEVINMILLER30', 'PASSWORD30', 'KEVIN.MILLER30@EXAMPLE.COM', '3332224444'),
    ('KYLETHOMAS31', 'PASSWORD31', 'KYLE.THOMAS31@EXAMPLE.COM', '4443335555'),
    ('KRISTENANDERSON32', 'PASSWORD32', 'KRISTEN.ANDERSON32@EXAMPLE.COM', '5554443333'),
    ('KENNETHGARCIA33', 'PASSWORD33', 'KENNETH.GARCIA33@EXAMPLE.COM', '6665554444'),
    ('KIMBERLYTAYLOR34', 'PASSWORD34', 'KIMBERLY.TAYLOR34@EXAMPLE.COM', '7776665555'),
    ('KAITLYNHARRIS35', 'PASSWORD35', 'KAITLYN.HARRIS35@EXAMPLE.COM', '8887776666'),
    ('KATHERINEMARTIN36', 'PASSWORD36', 'KATHERINE.MARTIN36@EXAMPLE.COM', '9998887777'),
    ('KEVINJONES37', 'PASSWORD37', 'KEVIN.JONES37@EXAMPLE.COM', '0009998888'),
    ('KELLYWILLIAMS38', 'PASSWORD38', 'KELLY.WILLIAMS38@EXAMPLE.COM', '1110009999'),
    ('KRISTOPHERWILSON39', 'PASSWORD39', 'KRISTOPHER.WILSON39@EXAMPLE.COM', '2220001111'),
    ('KATHRYNHARRIS40', 'PASSWORD40', 'KATHRYN.HARRIS40@EXAMPLE.COM', '3331112222'),
    ('KATHERINEHUGHES41', 'PASSWORD41', 'KATHERINE.HUGHES41@EXAMPLE.COM', '4442223333'),
    ('KENNETHWRIGHT42', 'PASSWORD42', 'KENNETH.WRIGHT42@EXAMPLE.COM', '5553334444'),
    ('KIMBERLYMOORE43', 'PASSWORD43', 'KIMBERLY.MOORE43@EXAMPLE.COM', '6664445555'),
    ('KAITLYNROBERTS44', 'PASSWORD44', 'KAITLYN.ROBERTS44@EXAMPLE.COM', '7775556666'),
    ('KRISTENWALKER45', 'PASSWORD45', 'KRISTEN.WALKER45@EXAMPLE.COM', '8886667777'),
    ('KYLEBROWN46', 'PASSWORD46', 'KYLE.BROWN46@EXAMPLE.COM', '9997778888'),
    ('KATHLEENMILLER47', 'PASSWORD47', 'KATHLEEN.MILLER47@EXAMPLE.COM', '0008889999'),
    ('KARENTHOMAS48', 'PASSWORD48', 'KAREN.THOMAS48@EXAMPLE.COM', '1119990000'),
    ('TAHIRSMITH49', 'BOLBOL', 'TAHIR.SMITH49@GMAIL.COM', '8886667777'),
    ('SHAHMEER50', 'BOLKAMAL', 'SHAHMEER50@GMAIL.COM', '8886699777'),
    ('JOHNDOE51', 'PASSWORD51', 'JOHN.DOE51@EXAMPLE.COM', '1234567890'),
    ('JANEDOE52', 'PASSWORD52', 'JANE.DOE52@EXAMPLE.COM', '0987654321'),
    ('FARIS53', 'PASSWORD53', 'FARIS53@EXAMPLE.COM', '5551234567'),
    ('NASEEM54', 'PASSWORD54', 'NASEEM54@EXAMPLE.COM', '5559876543'),
    ('WAHEED55', 'PASSWORD55', 'WAHEED55@EXAMPLE.COM', '5551112222'),
    ('BADSHAH56', 'PASSWORD56', 'BADSHAH56@EXAMPLE.COM', '5553334444'),
    ('SAEED57', 'PASSWORD57', 'SAEED57@EXAMPLE.COM', '5555551234'),
    ('ALI58', 'PASSWORD58', 'ALI58@EXAMPLE.COM', '5556667890'),
    ('MICHAELJORDAN59', 'PASSWORD59', 'MICHAEL.JORDAN59@EXAMPLE.COM', '5557778888'),
    ('SERENAWILLIAMS60', 'PASSWORD60', 'SERENA.WILLIAMS60@EXAMPLE.COM', '5559990000'),
    ('DAVIDBECKHAM61', 'PASSWORD61', 'DAVID.BECKHAM61@EXAMPLE.COM', '5552223333'),
    ('MARIASHARAPOVA62', 'PASSWORD62', 'MARIA.SHARAPOVA62@EXAMPLE.COM', '5554445555'),
    ('CRISTIANORONALDO63', 'PASSWORD63', 'CRISTIANO.RONALDO63@EXAMPLE.COM', '5556667777'),
    ('NEYMARJR64', 'PASSWORD64', 'NEYMAR.JR64@EXAMPLE.COM', '5558889999'),
    ('ROGERFEDERER65', 'PASSWORD65', 'ROGER.FEDERER65@EXAMPLE.COM', '5550001111'),
	('USAINBOLT66', 'PASSWORD66', 'USAIN.BOLT66@EXAMPLE.COM', '5552223333'),
    ('SIMONEBILES67', 'PASSWORD67', 'SIMONE.BILES67@EXAMPLE.COM', '5554445555'),
    ('LEBRONJAMES68', 'PASSWORD68', 'LEBRON.JAMES68@EXAMPLE.COM', '5556667777'),
    ('ALEXMORGAN69', 'PASSWORD69', 'ALEX.MORGAN69@EXAMPLE.COM', '5558889999'),
    ('KYLIANMBAPPE70', 'PASSWORD70', 'KYLIAN.MBAPPE70@EXAMPLE.COM', '5550001111'),
    ('NAOMIOSAKA71', 'PASSWORD71', 'NAOMI.OSAKA71@EXAMPLE.COM', '5552223333'),
    ('VIRATKOHLI72', 'PASSWORD72', 'VIRAT.KOHLI72@EXAMPLE.COM', '5554445555'),
    ('SERGIORAMOS73', 'PASSWORD73', 'SERGIO.RAMOS73@EXAMPLE.COM', '5556667777'),
    ('KEVINDEBRUYNE74', 'PASSWORD74', 'KEVIN.DEBRUYNE74@EXAMPLE.COM', '5558889999'),
    ('EDENHAZARD75', 'PASSWORD75', 'EDEN.HAZARD75@EXAMPLE.COM', '5550001111'),
    ('PELE76', 'PASSWORD76', 'PELE76@EXAMPLE.COM', '5552223333'),
    ('MESSI77', 'PASSWORD77', 'MESSI77@EXAMPLE.COM', '5554445555'),
    ('RONALDO78', 'PASSWORD78', 'RONALDO78@EXAMPLE.COM', '5556667777'),
    ('KARENSMITH79', 'PASSWORD79', 'KAREN.SMITH79@EXAMPLE.COM', '2221113333'),
    ('KEVINMILLER80', 'PASSWORD80', 'KEVIN.MILLER80@EXAMPLE.COM', '3332224444'),
    ('KYLETHOMAS81', 'PASSWORD81', 'KYLE.THOMAS81@EXAMPLE.COM', '4443335555'),
    ('KRISTENANDERSON82', 'PASSWORD82', 'KRISTEN.ANDERSON82@EXAMPLE.COM', '5554443333'),
    ('KENNETHGARCIA83', 'PASSWORD83', 'KENNETH.GARCIA83@EXAMPLE.COM', '6665554444'),
    ('KIMBERLYTAYLOR84', 'PASSWORD84', 'KIMBERLY.TAYLOR84@EXAMPLE.COM', '7776665555'),
    ('KAITLYNHARRIS85', 'PASSWORD85', 'KAITLYN.HARRIS85@EXAMPLE.COM', '8887776666'),
    ('KATHERINEMARTIN86', 'PASSWORD86', 'KATHERINE.MARTIN86@EXAMPLE.COM', '9998887777'),
    ('KEVINJONES87', 'PASSWORD87', 'KEVIN.JONES87@EXAMPLE.COM', '0009998888'),
    ('KELLYWILLIAMS88', 'PASSWORD88', 'KELLY.WILLIAMS88@EXAMPLE.COM', '1110009999'),
    ('KRISTOPHERWILSON89', 'PASSWORD89', 'KRISTOPHER.WILSON89@EXAMPLE.COM', '2220001111'),
    ('KATHRYNHARRIS90', 'PASSWORD90', 'KATHRYN.HARRIS90@EXAMPLE.COM', '3331112222'),
    ('KATHERINEHUGHES91', 'PASSWORD91', 'KATHERINE.HUGHES91@EXAMPLE.COM', '4442223333'),
    ('KENNETHWRIGHT92', 'PASSWORD92', 'KENNETH.WRIGHT92@EXAMPLE.COM', '5553334444'),
    ('KIMBERLYMOORE93', 'PASSWORD93', 'KIMBERLY.MOORE93@EXAMPLE.COM', '6664445555'),
    ('KAITLYNROBERTS94', 'PASSWORD94', 'KAITLYN.ROBERTS94@EXAMPLE.COM', '7775556666'),
    ('KRISTENWALKER95', 'PASSWORD95', 'KRISTEN.WALKER95@EXAMPLE.COM', '8886667777'),
    ('KYLEBROWN96', 'PASSWORD96', 'KYLE.BROWN96@EXAMPLE.COM', '9997778888'),
	('KATHLEENMILLER97', 'PASSWORD97', 'KATHLEEN.MILLER97@EXAMPLE.COM', '0008889999'),
    ('KARENTHOMAS98', 'PASSWORD98', 'KAREN.THOMAS98@EXAMPLE.COM', '1119990000'),
    ('TAHIRSMITH99', 'BOLBOL', 'TAHIR.SMITH99@GMAIL.COM', '8886667777'),
    ('SHAHMEER100', 'BOLKAMAL', 'SHAHMEER100@GMAIL.COM', '8886699777');
	select* from users
	select* from logs
INSERT INTO ADMIN1 (USERID) VALUES (1);
INSERT INTO ADMIN1 (USERID) VALUES (2);
INSERT INTO ADMIN1 (USERID) VALUES (3);
INSERT INTO ADMIN1 (USERID) VALUES (4);
INSERT INTO ADMIN1 (USERID) VALUES (5);
INSERT INTO ADMIN1 (USERID) VALUES (6);
INSERT INTO ADMIN1 (USERID) VALUES (7);
INSERT INTO ADMIN1 (USERID) VALUES (8);
INSERT INTO ADMIN1 (USERID) VALUES (9);
INSERT INTO ADMIN1 (USERID) VALUES (10);
INSERT INTO ADMIN1 (USERID) VALUES (11);
INSERT INTO ADMIN1 (USERID) VALUES (12);
INSERT INTO ADMIN1 (USERID) VALUES (13);
INSERT INTO ADMIN1 (USERID) VALUES (14);
INSERT INTO ADMIN1 (USERID) VALUES (15);
INSERT INTO ADMIN1 (USERID) VALUES (16);
INSERT INTO ADMIN1 (USERID) VALUES (17);
INSERT INTO ADMIN1 (USERID) VALUES (18);
INSERT INTO ADMIN1 (USERID) VALUES (19);
INSERT INTO ADMIN1 (USERID) VALUES (20); 
select* from ADMIN1
select* from LOGS
INSERT INTO GYMOWNER (USERID) VALUES (21);
INSERT INTO GYMOWNER (USERID) VALUES (22);
INSERT INTO GYMOWNER (USERID) VALUES (23);
INSERT INTO GYMOWNER (USERID) VALUES (24);
INSERT INTO GYMOWNER (USERID) VALUES (25);
INSERT INTO GYMOWNER (USERID) VALUES (26);
INSERT INTO GYMOWNER (USERID) VALUES (27);
INSERT INTO GYMOWNER (USERID) VALUES (28);
INSERT INTO GYMOWNER (USERID) VALUES (29);
INSERT INTO GYMOWNER (USERID) VALUES (30);
INSERT INTO GYMOWNER (USERID) VALUES (31);
INSERT INTO GYMOWNER (USERID) VALUES (32);
INSERT INTO GYMOWNER (USERID) VALUES (33);
INSERT INTO GYMOWNER (USERID) VALUES (34);
INSERT INTO GYMOWNER (USERID) VALUES (35);
INSERT INTO GYMOWNER (USERID) VALUES (36);
INSERT INTO GYMOWNER (USERID) VALUES (37);
INSERT INTO GYMOWNER (USERID) VALUES (38);
INSERT INTO GYMOWNER (USERID) VALUES (39);
INSERT INTO GYMOWNER (USERID) VALUES (40);
INSERT INTO GYM (GYMNAME, LOCATION1, CONTACTNUMBER, EMAIL, OWNERID)
VALUES 
    ('GYM 1', 'LOCATION 1', 'CONTACT 1', 'EMAIL 1', 1),
    ('GYM 2', 'LOCATION 2', 'CONTACT 2', 'EMAIL 2', 2),
    ('GYM 3', 'LOCATION 3', 'CONTACT 3', 'EMAIL 3', 3),
    ('GYM 4', 'LOCATION 4', 'CONTACT 4', 'EMAIL 4', 4),
    ('GYM 5', 'LOCATION 5', 'CONTACT 5', 'EMAIL 5', 5),
    ('GYM 6', 'LOCATION 6', 'CONTACT 6', 'EMAIL 6', 6),
    ('GYM 7', 'LOCATION 7', 'CONTACT 7', 'EMAIL 7', 7),
    ('GYM 8', 'LOCATION 8', 'CONTACT 8', 'EMAIL 8', 8),
    ('GYM 9', 'LOCATION 9', 'CONTACT 9', 'EMAIL 9', 9),
    ('GYM 10', 'LOCATION 10', 'CONTACT 10', 'EMAIL 10', 10),
    ('GYM 11', 'LOCATION 11', 'CONTACT 11', 'EMAIL 11', 11),
    ('GYM 12', 'LOCATION 12', 'CONTACT 12', 'EMAIL 12', 12),
    ('GYM 13', 'LOCATION 13', 'CONTACT 13', 'EMAIL 13', 13),
    ('GYM 14', 'LOCATION 14', 'CONTACT 14', 'EMAIL 14', 14),
    ('GYM 15', 'LOCATION 15', 'CONTACT 15', 'EMAIL 15', 15),
    ('GYM 16', 'LOCATION 16', 'CONTACT 16', 'EMAIL 16', 16),
    ('GYM 17', 'LOCATION 17', 'CONTACT 17', 'EMAIL 17', 17),
    ('GYM 18', 'LOCATION 18', 'CONTACT 18', 'EMAIL 18', 18),
    ('GYM 19', 'LOCATION 19', 'CONTACT 19', 'EMAIL 19', 19),
    ('GYM 20', 'LOCATION 20', 'CONTACT 20', 'EMAIL 20', 20);
INSERT INTO GYMREGISTRATIONREQUEST (GYMID, REQUESTDATE, APPROVALSTATUS, APPROVALDATE, ADMINID)
VALUES 
    (1, GETDATE(), 'Pending', NULL, 1),
    (2, GETDATE(), 'Pending', NULL, 1),
    (3, GETDATE(), 'Pending', NULL, 1),
    (4, GETDATE(), 'Pending', NULL, 1),
    (5, GETDATE(), 'Pending', NULL, 1),
    (6, GETDATE(), 'Pending', NULL, 1),
    (7, GETDATE(), 'Pending', NULL, 2),
    (8, GETDATE(), 'Pending', NULL, 2),
    (9, GETDATE(), 'Pending', NULL, 2),
    (10, GETDATE(), 'Pending', NULL, 2),
    (11, GETDATE(), 'Pending', NULL, 2),
    (12, GETDATE(), 'Pending', NULL, 2),
    (13, GETDATE(), 'Pending', NULL, 2),
    (14, GETDATE(), 'Pending', NULL, 2),
    (15, GETDATE(), 'Pending', NULL, 3),
    (16, GETDATE(), 'Pending', NULL, 3),
    (17, GETDATE(), 'Pending', NULL, 3),
    (18, GETDATE(), 'Pending', NULL, 3),
    (19, GETDATE(), 'Pending', NULL, 3),
    (20, GETDATE(), 'Pending', NULL, 3);
INSERT INTO MEMBER1(GYMID, USERID)
VALUES 
    (1, 41), 
    (1, 42),
    (2, 43), 
    (2, 44), 
    (4, 45),
    (4, 46), 
    (4, 47),
	(4, 48),
	(4, 49),
	(4, 50),
	(4, 51),
	(4, 52),
	(4, 53),
	(1, 54),
	(1, 55),
	(1, 56),
	(2, 57),
	(2, 58),
	(2, 59),
	(4, 60);
	
INSERT INTO MEMBERREGISTRATIONREQUEST (MEMBERID, REQUESTDATE, APPROVALSTATUS, APPROVALDATE, OWNERID)
VALUES 
    (1, GETDATE(), 'Pending', NULL, 1),
    (2, GETDATE(), 'Pending', NULL, 1),
    (3, GETDATE(), 'Pending', NULL, 2), 
    (4, GETDATE(), 'Pending', NULL, 2),
    (5, GETDATE(), 'Pending', NULL, 4),
    (6, GETDATE(), 'Pending', NULL, 4), 
    (7, GETDATE(), 'Pending', NULL, 4),
    (8, GETDATE(), 'Pending', NULL, 4),
    (9, GETDATE(), 'Pending', NULL, 4),
    (10, GETDATE(), 'Pending', NULL, 4),
    (11, GETDATE(), 'Pending', NULL, 4),
    (12, GETDATE(), 'Pending', NULL, 4),
    (13, GETDATE(), 'Pending', NULL, 1),
    (14, GETDATE(), 'Pending', NULL, 1),
    (15, GETDATE(), 'Pending', NULL, 2),
    (16, GETDATE(), 'Pending', NULL, 2),
    (17, GETDATE(), 'Pending', NULL, 4),
    (18, GETDATE(), 'Pending', NULL, 4),
    (19, GETDATE(), 'Pending', NULL, 4),
    (20, GETDATE(), 'Pending', NULL, 4);
INSERT INTO TRAINER (USERID, SPECIALIZATION, EXPERIENCE, GYMID)
VALUES 
    (61, 'Cardio', 5, 1), 
    (62, 'Strength Training', 8, 2),
    (63, 'Yoga', 3, 4),
	(64, 'Cardio', 5, 1), 
    (65, 'Strength Training', 8, 2),
    (66, 'Yoga', 3, 4),
	(67, 'Cardio', 5, 1), 
    (68, 'Strength Training', 8, 2),
    (69, 'Yoga', 3, 4),
	(70, 'Cardio', 5, 1), 
    (71, 'Strength Training', 8, 2),
    (72, 'Yoga', 3, 4),
	(73, 'Cardio', 5, 1), 
    (74, 'Strength Training', 8, 2),
    (75, 'Yoga', 3, 4),
	(76, 'Cardio', 5, 1), 
    (77, 'Strength Training', 8, 2),
    (78, 'Yoga', 3, 4),
	(79, 'Cardio', 5, 1), 
    (80, 'Strength Training', 8, 2);
INSERT INTO TRAINERREGISTRATIONREQUEST (GYMOWNERID, TRAINERID, REQUESTDATE, APPROVALSTATUS, APPROVALDATE)
VALUES 
    (1, 1, GETDATE(), 'Pending', NULL), 
    (2, 2, GETDATE(), 'Pending', NULL),
    (3, 3, GETDATE(), 'Pending', NULL),
    (4, 4, GETDATE(), 'Pending', NULL),
    (5, 5, GETDATE(), 'Pending', NULL),
    (6, 6, GETDATE(), 'Pending', NULL),
    (7, 7, GETDATE(), 'Pending', NULL),
    (8, 8, GETDATE(), 'Pending', NULL),
    (9, 9, GETDATE(), 'Pending', NULL),
    (10, 10, GETDATE(), 'Pending', NULL),
    (11, 11, GETDATE(), 'Pending', NULL),
    (12, 12, GETDATE(), 'Pending', NULL),
    (13, 13, GETDATE(), 'Pending', NULL),
    (14, 14, GETDATE(), 'Pending', NULL),
    (15, 15, GETDATE(), 'Pending', NULL),
    (16, 16, GETDATE(), 'Pending', NULL),
    (17, 17, GETDATE(), 'Pending', NULL),
    (18, 18, GETDATE(), 'Pending', NULL),
    (19, 19, GETDATE(), 'Pending', NULL),
    (20, 20, GETDATE(), 'Pending', NULL);








INSERT INTO DIETPLAN (TRAINERID, PLANNAME, PLANDESCRIPTION, CREATIONDATE) VALUES 
(61, 'Beginner Fitness Diet', 'A diet plan for beginners focusing on fitness', '2023-01-01'),
(62, 'Bodybuilding Diet', 'A diet plan for bodybuilding', '2023-01-02'),
(63, 'Crossfit Diet', 'A diet plan for crossfit', '2023-01-03'), 
(64, 'Yoga Diet', 'A diet plan for yoga', '2023-01-04'), 
(65, 'Muay Thai Diet', 'A diet plan for Muay Thai', '2023-01-05'),
(66, 'Powerlifting Diet', 'A diet plan for powerlifting', '2023-01-06'),
(67, 'Marathon Diet', 'A diet plan for marathon runners', '2023-01-07'),
(68, 'Vegan Diet', 'A diet plan for vegans', '2023-01-08'),
(69, 'Gluten-Free Diet', 'A diet plan for those with gluten intolerance', '2023-01-09'),
(70, 'Keto Diet', 'A diet plan for those following a ketogenic diet', '2023-01-10'),
(71, 'Paleo Diet', 'A diet plan for those following a paleo diet', '2023-01-11'),
(72, 'Low-Carb Diet', 'A diet plan for those following a low-carb diet', '2023-01-12'),
(73, 'High-Protein Diet', 'A diet plan for those following a high-protein diet', '2023-01-13'),
(74, 'Vegetarian Diet', 'A diet plan for vegetarians', '2023-01-14'),
(75, 'Weight Loss Diet', 'A diet plan for weight loss', '2023-01-15'),
(76, 'Weight Gain Diet', 'A diet plan for weight gain', '2023-01-16'),
(77, 'Endurance Diet', 'A diet plan for endurance athletes', '2023-01-17'),
(78, 'Strength Training Diet', 'A diet plan for strength training', '2023-01-18'),
(79, 'Flexitarian Diet', 'A diet plan for flexitarians', '2023-01-19'),
(80, 'Mediterranean Diet', 'A diet plan for those following a mediterranean diet', '2023-01-20');
INSERT INTO MEAL (MEALNAME, NUTRITION) VALUES 
('Scrambled Eggs', '3 eggs scrambled with a bit of milk and butter'), 
('Banana', '1 medium-sized banana'),
('Oatmeal', '1 cup of oatmeal cooked with water and a bit of honey'), 
('Chicken Breast', '6 oz of grilled chicken breast'), 
('Brown Rice', '1 cup of cooked brown rice'), 
('Broccoli', '1 cup of steamed broccoli'), 
('Greek Yogurt', '1 cup of plain Greek yogurt'), 
('Blueberries', '1 cup of fresh blueberries'), 
('Almonds', '1 oz of dry roasted almonds'), 
('Quinoa', '1 cup of cooked quinoa'),
('Tuna', '6 oz of canned tuna in water'), 
('Asparagus', '1 cup of steamed asparagus'), 
('Turkey Breast', '6 oz of grilled turkey breast'), 
('Sweet Potato', '1 medium-sized sweet potato'), 
('Avocado', '1 medium-sized avocado'),
('Grilled Chicken', '6 oz of grilled chicken breast'),
('Quinoa Salad', '1 cup of cooked quinoa mixed with vegetables'),
('Lentil Soup', '1 cup of cooked lentils with vegetables'),
('Grilled Salmon', '6 oz of grilled salmon'),
('Steamed Green Beans', '1 cup of steamed green beans'),
('Roasted Chicken', '6 oz of roasted chicken breast'),
('Couscous', '1 cup of cooked couscous'),
('Mixed Berries', '1 cup of fresh mixed berries'),
('Pecans', '1 oz of dry roasted pecans'),
('Brownies', '1 cup of baked brownies');
INSERT INTO MEALPLAN (DIETID, MEALID) VALUES 
(1, 1), (2, 2), (3, 3), (4, 4), (5, 5), (6, 6), (7, 7), 
(8, 8), (9, 9), (10, 10), (11, 11), (12, 12), (13, 13), (14, 14),
(15, 15), (16, 16), (17, 17), (18, 18), (19, 19), (20, 20);
INSERT INTO ALLERGENS (ALLERGENNAME) VALUES 
('Eggs'), ('Milk'), ('Peanuts'), ('Soy'), ('Fish'), ('Tree Nuts'), ('Shellfish'), ('Wheat'), ('Gluten'), ('Sesame'),
('Corn'), ('Celery'), ('Sulfites'), ('Lupin'), ('Mollusks'), ('Mustard'), ('Soybeans'), ('Sulfur dioxide'), ('Treenuts'), ('Yeast');
INSERT INTO HAS (MEALID, ALLERGENID) VALUES 
(1, 1), (2, 2), (3, 3), (4, 4), (5, 5), (6, 6), (7, 7), (8, 8), (9, 9), (10, 10),
(11, 11), (12, 12), (13, 13), (14, 14), (15, 15), (16, 16), (17, 17), (18, 18), (19, 19), (20, 20);





INSERT INTO WORKOUTPLAN (TRAINERID, PLANNAME, PLANDESCRIPTION, CREATIONDATE) VALUES 
(61, 'Full Body Workout', 'A full body workout plan for beginners', '2023-03-01'), 
(62, 'Upper Body Workout', 'An upper body workout plan for intermediate level', '2023-03-02'), 
(63, 'Lower Body Workout', 'A lower body workout plan for advanced level', '2023-03-03'),
(64, 'Core Workout', 'A core workout plan for beginners', '2023-03-04'), 
(65, 'Cardio Workout', 'A cardio workout plan for intermediate level', '2023-03-05'), 
(66, 'Yoga Workout', 'A yoga workout plan for advanced level', '2023-03-06'),
(67, 'Pilates Workout', 'A pilates workout plan for beginners', '2023-03-07'), 
(68, 'Strength Training', 'A strength training workout plan for intermediate level', '2023-03-08'), 
(69, 'HIIT Workout', 'A HIIT workout plan for advanced level', '2023-03-09'),
(70, 'Bodybuilding Workout', 'A bodybuilding workout plan for beginners', '2023-03-10'), 
(41, 'Powerlifting Workout', 'A powerlifting workout plan for intermediate level', '2023-03-11'), 
(42, 'Crossfit Workout', 'A crossfit workout plan for advanced level', '2023-03-12'),
(43, 'Endurance Workout', 'An endurance workout plan for beginners', '2023-03-13'), 
(44, 'Flexibility Workout', 'A flexibility workout plan for intermediate level', '2023-03-14'), 
(45, 'Balance Workout', 'A balance workout plan for advanced level', '2023-03-15'),
(46, ' Agility Workout', 'An agility workout plan for beginners', '2023-03-16'), 
(47, 'Speed Workout', 'A speed workout plan for intermediate level', '2023-03-17'), 
(48, 'Plyometric Workout', 'A plyometric workout plan for advanced level', '2023-03-18'),
(49, 'Kettlebell Workout', 'A kettlebell workout plan for beginners', '2023-03-19'), 
(50, 'Resistance Band Workout', 'A resistance band workout plan for intermediate level', '2023-03-20');
INSERT INTO EXERCISE (EXERCISENAME, MUSCLEGROUP)
VALUES 
    ('Push-ups', 'Chest'),
    ('Pull-ups', 'Back'),
    ('Squats', 'Legs'),
    ('Deadlifts', 'Back'),
    ('Bench Press', 'Chest'),
    ('Rows', 'Back'),
    ('Planks', 'Core'),
    ('Leg Press', 'Legs'),
    ('Shoulder Press', 'Shoulders'),
    ('Bicep Curls', 'Arms'),
    ('Tricep Extensions', 'Arms'),
    ('Crunches', 'Core'),
    ('Lunges', 'Legs'),
    ('Calf Raises', 'Legs'),
    ('Russian Twists', 'Core'),
	('Leg Extensions', 'Legs'),
	('Leg Curls', 'Legs'),
	('Calf Raises', 'Legs'),
	('Russian Twists', 'Core'),
	('Woodchoppers', 'Core'),
	('Lateral Raises', 'Shoulders'),
	('Rear Delt Flys', 'Shoulders'),
	('Chest Flys', 'Chest'),
	('Bent Over Rows', 'Back'),
	('Close Grip Bench Press', 'Chest'),
	('Tricep Dips', 'Arms');
INSERT INTO EXERCISEDESCRIPTION (PLANID, EXERCISEID, SETS1, REPS, RESTINTERVAL)
VALUES 
    (1, 1, 3, 15, 60), 
    (1, 2, 3, 10, 60), 
    (1, 3, 3, 20, 60),  
    (2, 4, 4, 8, 90),   
    (2, 5, 4, 10, 90),  
    (2, 6, 4, 12, 90), 
    (3, 7, 3, 1, 0),    
    (3, 12, 3, 15, 60),
    (3, 14, 3, 20, 60),
(4, 15, 3, 12, 60), 
(5, 16, 4, 10, 90), 
(6, 17, 3, 15, 60),  
(7, 18, 4, 8, 90),   
(8, 19, 4, 10, 90),  
(9, 20, 4, 12, 90), 
(10, 8, 3, 1, 0),    
(11, 9, 3, 15, 60),
(12, 10, 3, 20, 60),
(13, 11, 3, 12, 60), 
(14, 13, 4, 10, 90);

INSERT INTO WORKOUTPLANHASEXERCISE (PLANID, EXERCISEID)
VALUES 
    (1, 1),
    (2, 2),
    (3, 3),
    (4, 4),
    (5, 5),
    (6, 6),
    (7, 7), 
    (8, 8),
    (9, 9),
    (10, 10),
    (11, 11),
    (12, 12),
    (13, 13),
    (14, 14),
    (15, 15),
	(16, 16),
	(17,17),
    (18, 18),
    (19, 19),
    (20, 20);
INSERT INTO TRAINERWORKOUTPLAN (TRAINERID, PLANID, GENERATEDDATE)
VALUES 
    (1, 1, GETDATE()),
    (2, 2, GETDATE()), 
    (3, 3, GETDATE()),
    (4, 4, GETDATE()),
    (5, 5, GETDATE()), 
    (6, 6, GETDATE()),
    (7, 7, GETDATE()),
    (8, 8, GETDATE()),
    (9, 9, GETDATE()),
    (10, 10, GETDATE()),
    (11, 11, GETDATE()),
    (12, 12, GETDATE()),
    (13, 13, GETDATE()),
    (14, 14, GETDATE()),
    (15, 15, GETDATE()),
    (16, 16, GETDATE()),
    (17, 17, GETDATE()),
    (18, 18, GETDATE()),
    (19, 19, GETDATE()),
    (20, 20, GETDATE());

INSERT INTO APPOINTMENT (TRAINERID, MEMBERID, LOCATION1, DURATION, DATE1, TIME1, STATUS1) VALUES 
(1, 1, 'Gym', '60 minutes', '2023-03-01', '09:00:00', 'Confirmed'), 
(2, 2, 'Online', '45 minutes', '2023-03-02', '10:00:00', 'Pending'), 
(3, 3, 'Park', '30 minutes', '2023-03-03', '11:00:00', 'Confirmed'),
(4, 4, 'Gym', '60 minutes', '2023-03-04', '09:00:00', 'Confirmed'), 
(5, 5, 'Online', '45 minutes', '2023-03-05', '10:00:00', 'Pending'), 
(6, 6, 'Park', '30 minutes', '2023-03-06', '11:00:00', 'Confirmed'),
(7, 7, 'Gym', '60 minutes', '2023-03-07', '09:00:00', 'Confirmed'), 
(8, 8, 'Online', '45 minutes', '2023-03-08', '10:00:00', 'Pending'), 
(9, 9, 'Park', '30 minutes', '2023-03-09', '11:00:00', 'Confirmed'),
(10, 10, 'Gym', '60 minutes', '2023-03-10', '09:00:00', 'Confirmed'), 
(11, 11, 'Online', '45 minutes', '2023-03-11', '10:00:00', 'Pending'), 
(12, 12, 'Park', '30 minutes', '2023-03-12', '11:00:00', 'Confirmed'),
(13, 13, 'Gym', '60 minutes', '2023-03-13', '09:00:00', 'Confirmed'), 
(14, 14, 'Online', '45 minutes', '2023-03-14', '10:00:00', 'Pending'), 
(15, 15, 'Park', '30 minutes', '2023-03-15', '11:00:00', 'Confirmed'),
(16, 16, 'Gym', '60 minutes', '2023-03-16', '09:00:00', 'Confirmed'), 
(17, 17, 'Online', '45 minutes', '2023-03-17', '10:00:00', 'Pending'), 
(18, 18, 'Park', '30 minutes', '2023-03-18', '11:00:00', 'Confirmed'),
(19, 19, 'Gym', '60 minutes', '2023-03-19', '09:00:00', 'Confirmed'), 
(20, 20, 'Online', '45 minutes', '2023-03-20', '10:00:00', 'Pending');


INSERT INTO FEEDBACK (TRAINERID, MEMBERID, RATING, COMMENT, DATE1) VALUES 
(1, 1, 5, 'Great session!', '2023-03-01'), 
(2, 2, 4, 'Good session, but could improve.', '2023-03-02'), 
(3, 3, 5, 'Excellent session, thank you!', '2023-03-03'),
(4, 4, 4, 'Good session, but could improve.', '2023-03-04'), 
(5, 5, 5, 'Great session!', '2023-03-05'), 
(6, 6, 5, 'Excellent session, thank you!', '2023-03-06'),
(7, 7, 4, 'Good session, but could improve.', '2023-03-07'), 
(8, 8, 5, 'Great session!', '2023-03-08'), 
(9, 9, 5, 'Excellent session, thank you!', '2023-03-09'),
(10, 10, 4, 'Good session, but could improve.', '2023-03-10'), 
(11, 11, 5, 'Great session!', '2023-03-11'), 
(12, 12, 5, 'Excellent session, thank you!', '2023-03-12'),
(13, 13, 4, 'Good session, but could improve.', '2023-03-13'), 
(14, 14, 5, 'Great session!', '2023-03-14'), 
(15, 15, 5, 'Excellent session, thank you!', '2023-03-15'),
(16, 16, 4, 'Good session, but could improve.', '2023-03-16'), 
(17, 17, 5, 'Great session!', '2023-03-17'), 
(18, 18, 5, 'Excellent session, thank you!', '2023-03-18'),
(19, 19, 4, 'Good session, but could improve.', '2023-03-19'), 
(20, 20, 5, 'Great session!', '2023-03-20');



	select* from USERS
	select* from MEMBER1
	select* from ADMIN1
	select* from GYMOWNER
	select* from TRAINER
	select* from GYM
	select* from WORKOUTPLAN
	select* from EXERCISE
	select* from EXERCISEDESCRIPTION
	select* from WORKOUTPLANHASEXERCISE
	select* from TRAINERWORKOUTPLAN
	select* from MEAL
	select* from MEALPLAN
	select* from ALLERGENS
	select* from DIETPLAN
	select* from HAS
	select* from APPOINTMENT
	select* from FEEDBACK
	select* from GYMREGISTRATIONREQUEST
	select* from MEMBERREGISTRATIONREQUEST
	select* from TRAINERREGISTRATIONREQUEST
	select* from logs;

